DataCase,K_eff,fc_eff_Hz,gainErr_pct,cutoffErr_pct,phaseDev_deg
Clean non-ideal,9.9988456768447,9564.29102148238,-0.0115432315530128,-4.35708978517619,1.52463418024003
Noisy raw,10.0005020899077,9535.76406867961,0.00502089907676861,-4.64235931320392,1.92868498925835
Noisy smoothed,10.0005020899077,9548.48519021477,0.00502089907676861,-4.51514809785233,1.67914088086492
