metric,unit,clean_value,mc_mean,mc_std,mean_minus_clean
K_eff,linear,9.9988456768447,9.99863024770314,0.00265097245064128,-0.000215429141560364
fc_eff,Hz,9564.29102148238,9553.66435216632,58.3834644559097,-10.6266693160578
gain_error,percent,-0.0115432315530128,-0.0136975229686218,0.0265097245064129,-0.00215429141560897
cutoff_error,percent,-4.35708978517619,-4.46335647833677,0.583834644559097,-0.106266693160573
phase_deviation,degrees,1.52463418024003,1.51419010183914,0.180543896664156,-0.0104440784008859
